<?xml version="1.0" encoding="UTF-8"?><metadata>
<idinfo>
<citation>
<citeinfo>
<origin/>
<pubdate>2019226</pubdate>
<title>School Districts 2018-2019 School Year</title>
<edition>2018-2019</edition>
<geoform>vector digital data</geoform>
</citeinfo>
</citation>
<descript>
<abstract>This is 2018-2019 Statewide School Districts for Texas. The information was collected from all 254 county central appraisal districts and from the Texas Education Agency. GIS staff of the Texas Legislative Council created the school district boundaries using the 2010 TIGER/Line Shapefile as base geography and made further corrections to match the school district boundary updates and name changes for the map. These changes include lines that are not census geography. Changes to school district boundaries may include one or all of the following types: school district annexations or de-annexations; school district consolidations, deletions or additions; boundary corrections to the Texas Legislative Council database; boundary adjustments due to more spatially accurate data involving land parcels and survey data received from a county central appraisal district. If you have any questions, please contact TEA GIS Administrator at GISAdmin@tea.state.tx.us</abstract>
<purpose>Cartography and spatial analysis; inclusion in the REDAPPL redistricting system and the TREAD mapping and reporting system of the Texas Legislative Council.</purpose>
</descript>
<spdom>
<bounding>
<westbc>-106.976384</westbc>
<eastbc>-93.122116</eastbc>
<northbc>36.534130</northbc>
<southbc>25.705730</southbc>
</bounding>
</spdom>
<keywords>
<theme>
<themekt>None</themekt>
<themekey>School District</themekey>
<themekey>Independent School District</themekey>
<themekey>Consolidated School District</themekey>
<themekey>ISD</themekey>
</theme>
<theme>
<themekt>ISO 19115 Topic Categories</themekt>
<themekey>boundaries</themekey>
</theme>
<temporal>
<tempkt>None</tempkt>
<tempkey>2018-2019</tempkey>
</temporal>
</keywords>
<accconst>None</accconst>
<useconst>This school district file should be used as a reference for determining the boundaries of school districts. The depiction and designation of the school district boundaries do not constitute a determination of jurisdictional authority or rights of ownership or entitlement and they are not legal land descriptions. Please consult the appropriate county central appraisal district for additional information on school district boundaries.</useconst>
<datacred>GIS Staff of the Texas Legislative Council, Research Division, Mapping and Redistricting, 512-463-6622, TLC.Precincts@tlc.state.tx.us</datacred>
<native>Version 6.2 (Build 9200) ; Esri ArcGIS 10.6.0.8321</native>
</idinfo>
<spdoinfo>
<direct>Vector</direct>
<ptvctinf>
<sdtsterm>
<sdtstype>GT-polygon composed of chains</sdtstype>
<ptvctcnt>0</ptvctcnt>
</sdtsterm>
</ptvctinf>
</spdoinfo>
<eainfo>
<detailed>
<enttyp>
<enttypl>SchoolDistricts</enttypl>
</enttyp>
<attr>
<attrlabl>FID</attrlabl>
<attrdef>Internal feature number.</attrdef>
<attrdefs>Esri</attrdefs>
<attrdomv>
					<udom>Sequential unique whole numbers that are automatically generated.</udom>
				</attrdomv>
</attr>
<attr>
<attrlabl>SDLEA10</attrlabl>
</attr>
<attr>
<attrlabl>NAME</attrlabl>
</attr>
<attr>
<attrlabl>NAME2</attrlabl>
</attr>
<attr>
<attrlabl>DISTRICT_N</attrlabl>
</attr>
<attr>
<attrlabl>DISTRICT</attrlabl>
</attr>
<attr>
<attrlabl>DISTRICT_C</attrlabl>
</attr>
<attr>
<attrlabl>NCES_DISTR</attrlabl>
</attr>
<attr>
<attrlabl>COLOR</attrlabl>
</attr>
<attr>
<attrlabl>Shape</attrlabl>
<attrdef>Feature geometry.</attrdef>
<attrdefs>ESRI</attrdefs>
<attrdomv>
					<udom>Coordinates defining the features.</udom>
				</attrdomv>
</attr>
<attr>
<attrlabl>Shape_area</attrlabl>
<attrdef>Area of feature in internal units squared.</attrdef>
<attrdefs>Esri</attrdefs>
<attrdomv>
					<udom>Positive real numbers that are automatically generated.</udom>
				</attrdomv>
</attr>
<attr>
<attrlabl>Shape_len</attrlabl>
</attr>
</detailed>
</eainfo>
<metainfo>
<metd>20190111</metd>
<metc>
<cntinfo>
<cntorgp>
<cntorg>Texas Legislative Council</cntorg>
<cntper>Randall Bush</cntper>
</cntorgp>
<cntpos>GIS Associate</cntpos>
<cntaddr>
<addrtype>mailing</addrtype>
<address>P.O. Box 12128</address>
<city>Austin</city>
<state>Texas</state>
<postal>78664</postal>
<country>USA</country>
</cntaddr>
<cntvoice>512-463-6622</cntvoice>
<cntfax>512-936-1020</cntfax>
<cntemail>randall.bush@tlc.state.tx.us</cntemail>
<hours>8am-5pm CDT, M-F</hours>
</cntinfo>
</metc>
<metstdn>FGDC Content Standard for Digital Geospatial Metadata</metstdn>
<metstdv>FGDC-STD-001-1998</metstdv>
<mettc>local time</mettc>
</metainfo>
</metadata>
